{
    "animation_number": 2000020,
    "min_time_to_finish": 0.49500083923339844,
    "max_time_to_finish": 0.49500083923339844,
    "animation_name": ""
}