{
    "animation_number": 2002100,
    "min_time_to_finish": 0.07500076293945312,
    "max_time_to_finish": 3.665477991104126,
    "animation_name": "Movement - Walking Forward"
}