{
    "animation_number": 2002002,
    "min_time_to_finish": 0.5800015926361084,
    "max_time_to_finish": 5.407136678695679,
    "animation_name": "Movement - Strafe Left"
}