{
    "animation_number": 2003002,
    "min_time_to_finish": 0.007999897003173828,
    "max_time_to_finish": 1.1661090850830078,
    "animation_name": "Attack - Swing Combo 3"
}