{
    "animation_number": 2003001,
    "min_time_to_finish": 1.1530001163482666,
    "max_time_to_finish": 1.2395050525665283,
    "animation_name": "Attack - Swing Combo 2"
}