{
    "animation_number": 2005003,
    "min_time_to_finish": 2.6668999195098877,
    "max_time_to_finish": 3.4088432788848877,
    "animation_name": "Movement - Turn Right 180*"
}