{
    "animation_number": 2006100,
    "min_time_to_finish": 0.4070017337799072,
    "max_time_to_finish": 0.7425875663757324,
    "animation_name": "Movement - Jumping"
}