{
    "animation_number": 2007400,
    "min_time_to_finish": 0.315000057220459,
    "max_time_to_finish": 0.32399964332580566,
    "animation_name": "Movement - Landing"
}