{
    "animation_number": 2008500,
    "min_time_to_finish": 0.7289996147155762,
    "max_time_to_finish": 0.8269999027252197,
    "animation_name": "Stagger - Parry, Skill Issue"
}