{
    "animation_number": 2008190,
    "min_time_to_finish": 0.8929996490478516,
    "max_time_to_finish": 2.573023796081543,
    "animation_name": ""
}