{
    "animation_number": 2008191,
    "min_time_to_finish": 0.2390003204345703,
    "max_time_to_finish": 0.2390003204345703,
    "animation_name": ""
}