{
    "animation_number": 2009400,
    "min_time_to_finish": 0.03828072547912598,
    "max_time_to_finish": 2.45206356048584,
    "animation_name": ""
}