{
    "animation_number": 2009000,
    "min_time_to_finish": 0.04999947547912598,
    "max_time_to_finish": 1.2290008068084717,
    "animation_name": "Stagger - Uninterrupted"
}