{
    "animation_number": 2011000,
    "min_time_to_finish": 0.8860282897949219,
    "max_time_to_finish": 0.8860282897949219,
    "animation_name": "Backstab"
}