{
    "animation_number": 11060,
    "min_time_to_finish": 1.1429359912872314,
    "max_time_to_finish": 1.1429359912872314,
    "animation_name": ""
}