{
    "animation_number": 2000,
    "min_time_to_finish": 0.4830005168914795,
    "max_time_to_finish": 2.645254373550415,
    "animation_name": ""
}