{
    "animation_number": 2002,
    "min_time_to_finish": 0.8296945095062256,
    "max_time_to_finish": 3.64385986328125,
    "animation_name": ""
}