{
    "animation_number": 2003,
    "min_time_to_finish": 2.4929513931274414,
    "max_time_to_finish": 2.4929513931274414,
    "animation_name": ""
}