{
    "animation_number": 2100,
    "min_time_to_finish": 1.8095166683197021,
    "max_time_to_finish": 1.8095166683197021,
    "animation_name": ""
}