{
    "animation_number": 3001,
    "min_time_to_finish": 0.8278212547302246,
    "max_time_to_finish": 3.354971408843994,
    "animation_name": ""
}