{
    "animation_number": 3004,
    "min_time_to_finish": 1.8515446186065674,
    "max_time_to_finish": 1.8515446186065674,
    "animation_name": ""
}