{
    "animation_number": 3006,
    "min_time_to_finish": 2.6546406745910645,
    "max_time_to_finish": 6.219013929367065,
    "animation_name": ""
}