{
    "animation_number": 3007,
    "min_time_to_finish": 0.15199995040893555,
    "max_time_to_finish": 0.9771287441253662,
    "animation_name": ""
}