{
    "animation_number": 3008,
    "min_time_to_finish": 0.9970006942749023,
    "max_time_to_finish": 0.9970006942749023,
    "animation_name": ""
}