{
    "animation_number": 3009,
    "min_time_to_finish": 2.486114025115967,
    "max_time_to_finish": 2.486114025115967,
    "animation_name": ""
}