{
    "animation_number": 3010,
    "min_time_to_finish": 1.4844765663146973,
    "max_time_to_finish": 3.9833598136901855,
    "animation_name": ""
}