{
    "animation_number": 3011,
    "min_time_to_finish": 1.5649995803833008,
    "max_time_to_finish": 1.5649995803833008,
    "animation_name": ""
}