{
    "animation_number": 3020,
    "min_time_to_finish": 0.6674432754516602,
    "max_time_to_finish": 2.3296852111816406,
    "animation_name": ""
}