{
    "animation_number": 3024,
    "min_time_to_finish": 0.9789249897003174,
    "max_time_to_finish": 2.993253231048584,
    "animation_name": ""
}