{
    "animation_number": 3025,
    "min_time_to_finish": 0.6585495471954346,
    "max_time_to_finish": 0.6600029468536377,
    "animation_name": ""
}