{
    "animation_number": 3026,
    "min_time_to_finish": 1.317018985748291,
    "max_time_to_finish": 2.317941188812256,
    "animation_name": ""
}