{
    "animation_number": 5002,
    "min_time_to_finish": 4.158660888671875,
    "max_time_to_finish": 4.158660888671875,
    "animation_name": ""
}