{
    "animation_number": 6000,
    "min_time_to_finish": 0.014999628067016602,
    "max_time_to_finish": 0.014999628067016602,
    "animation_name": ""
}