{
    "animation_number": 6002,
    "min_time_to_finish": 0.8220047950744629,
    "max_time_to_finish": 1.974888563156128,
    "animation_name": ""
}