{
    "animation_number": 6003,
    "min_time_to_finish": 2.4774861335754395,
    "max_time_to_finish": 2.4774861335754395,
    "animation_name": ""
}