{
    "animation_number": 8042,
    "min_time_to_finish": 0.31299805641174316,
    "max_time_to_finish": 4.071529865264893,
    "animation_name": ""
}