{
    "animation_number": 8043,
    "min_time_to_finish": 0.31099987030029297,
    "max_time_to_finish": 3.989255666732788,
    "animation_name": ""
}