{
    "animation_number": 8700,
    "min_time_to_finish": 0.3209972381591797,
    "max_time_to_finish": 0.3209972381591797,
    "animation_name": ""
}