{
    "animation_number": 9000,
    "min_time_to_finish": 0.2890002727508545,
    "max_time_to_finish": 0.7839963436126709,
    "animation_name": ""
}