{
    "animation_number": 9440,
    "min_time_to_finish": 0.8050005435943604,
    "max_time_to_finish": 0.8050005435943604,
    "animation_name": ""
}