{
    "animation_number": 9442,
    "min_time_to_finish": 0.9851534366607666,
    "max_time_to_finish": 0.9851534366607666,
    "animation_name": ""
}