{
    "animation_number": 0,
    "min_time_to_finish": 0.007999420166015625,
    "max_time_to_finish": 19.390602111816406,
    "animation_name": ""
}