{
    "animation_number": 1090519040,
    "min_time_to_finish": 1.6322345733642578,
    "max_time_to_finish": 1.6322345733642578,
    "animation_name": ""
}