{
    "animation_number": 120,
    "min_time_to_finish": 0.16239500045776367,
    "max_time_to_finish": 1.7919254302978516,
    "animation_name": ""
}