{
    "animation_number": 19020,
    "min_time_to_finish": 0.1080007553100586,
    "max_time_to_finish": 0.40726137161254883,
    "animation_name": ""
}