{
    "animation_number": 19021,
    "min_time_to_finish": 0.09200143814086914,
    "max_time_to_finish": 0.4081563949584961,
    "animation_name": ""
}