{
    "animation_number": 19120,
    "min_time_to_finish": 0.15800166130065918,
    "max_time_to_finish": 1.1255121231079102,
    "animation_name": ""
}