{
    "animation_number": 19621,
    "min_time_to_finish": 0.16300129890441895,
    "max_time_to_finish": 0.4919729232788086,
    "animation_name": ""
}