{
    "animation_number": 20010,
    "min_time_to_finish": 0.3202245235443115,
    "max_time_to_finish": 7.69476580619812,
    "animation_name": ""
}