{
    "animation_number": 20011,
    "min_time_to_finish": 0.15700125694274902,
    "max_time_to_finish": 0.9818832874298096,
    "animation_name": ""
}