{
    "animation_number": 20111,
    "min_time_to_finish": 0.1510009765625,
    "max_time_to_finish": 1.1546940803527832,
    "animation_name": ""
}