{
    "animation_number": 20110,
    "min_time_to_finish": 0.08800125122070312,
    "max_time_to_finish": 43.46814298629761,
    "animation_name": ""
}