{
    "animation_number": 20113,
    "min_time_to_finish": 0.15551018714904785,
    "max_time_to_finish": 1.15513014793396,
    "animation_name": ""
}