{
    "animation_number": 20112,
    "min_time_to_finish": 0.31999897956848145,
    "max_time_to_finish": 2.9967498779296875,
    "animation_name": ""
}