{
    "animation_number": 202023,
    "min_time_to_finish": 0.1529989242553711,
    "max_time_to_finish": 0.1529989242553711,
    "animation_name": ""
}