{
    "animation_number": 202020,
    "min_time_to_finish": 0.8209996223449707,
    "max_time_to_finish": 0.8320205211639404,
    "animation_name": ""
}