{
    "animation_number": 202000,
    "min_time_to_finish": 0.1470024585723877,
    "max_time_to_finish": 1.6615123748779297,
    "animation_name": ""
}