{
    "animation_number": 202100,
    "min_time_to_finish": 0.8238413333892822,
    "max_time_to_finish": 0.8520445823669434,
    "animation_name": ""
}