{
    "animation_number": 20210,
    "min_time_to_finish": 0.6449980735778809,
    "max_time_to_finish": 1.6564860343933105,
    "animation_name": ""
}