{
    "animation_number": 202200,
    "min_time_to_finish": 0.15700292587280273,
    "max_time_to_finish": 0.15700292587280273,
    "animation_name": ""
}