{
    "animation_number": 202300,
    "min_time_to_finish": 0.3178675174713135,
    "max_time_to_finish": 0.3178675174713135,
    "animation_name": ""
}