{
    "animation_number": 22102,
    "min_time_to_finish": 0.1620018482208252,
    "max_time_to_finish": 0.1620018482208252,
    "animation_name": ""
}