{
    "animation_number": 22101,
    "min_time_to_finish": 0.15400123596191406,
    "max_time_to_finish": 1.6610565185546875,
    "animation_name": ""
}