{
    "animation_number": 22100,
    "min_time_to_finish": 0.1525135040283203,
    "max_time_to_finish": 1.653804063796997,
    "animation_name": ""
}