{
    "animation_number": 23020,
    "min_time_to_finish": 0.07100081443786621,
    "max_time_to_finish": 0.07100081443786621,
    "animation_name": ""
}