{
    "animation_number": 23120,
    "min_time_to_finish": 0.06753730773925781,
    "max_time_to_finish": 0.5764906406402588,
    "animation_name": ""
}