{
    "animation_number": 27010,
    "min_time_to_finish": 0.1529984474182129,
    "max_time_to_finish": 2.9852828979492188,
    "animation_name": ""
}