{
    "animation_number": 27111,
    "min_time_to_finish": 0.15700006484985352,
    "max_time_to_finish": 0.15700006484985352,
    "animation_name": ""
}