{
    "animation_number": 27110,
    "min_time_to_finish": 0.08859062194824219,
    "max_time_to_finish": 0.9917545318603516,
    "animation_name": ""
}