{
    "animation_number": 27113,
    "min_time_to_finish": 0.15602684020996094,
    "max_time_to_finish": 0.15602684020996094,
    "animation_name": ""
}