{
    "animation_number": 27500,
    "min_time_to_finish": 0.9878194332122803,
    "max_time_to_finish": 1.9886090755462646,
    "animation_name": ""
}