{
    "animation_number": 29040,
    "min_time_to_finish": 0.10603165626525879,
    "max_time_to_finish": 1.7205126285552979,
    "animation_name": ""
}