{
    "animation_number": 29050,
    "min_time_to_finish": 0.15093779563903809,
    "max_time_to_finish": 0.16083407402038574,
    "animation_name": ""
}