{
    "animation_number": 29060,
    "min_time_to_finish": 0.18955588340759277,
    "max_time_to_finish": 1.1548354625701904,
    "animation_name": ""
}