{
    "animation_number": 300000,
    "min_time_to_finish": 0.4902973175048828,
    "max_time_to_finish": 0.6579990386962891,
    "animation_name": ""
}