{
    "animation_number": 320010,
    "min_time_to_finish": 0.2739996910095215,
    "max_time_to_finish": 0.9873950481414795,
    "animation_name": ""
}