{
    "animation_number": 320110,
    "min_time_to_finish": 0.2799994945526123,
    "max_time_to_finish": 2.9431493282318115,
    "animation_name": ""
}