{
    "animation_number": 320210,
    "min_time_to_finish": 2.8208796977996826,
    "max_time_to_finish": 2.8208796977996826,
    "animation_name": ""
}