{
    "animation_number": 322100,
    "min_time_to_finish": 0.16263675689697266,
    "max_time_to_finish": 0.16263675689697266,
    "animation_name": ""
}