{
    "animation_number": 327110,
    "min_time_to_finish": 0.08800077438354492,
    "max_time_to_finish": 0.21999764442443848,
    "animation_name": ""
}