{
    "animation_number": 329040,
    "min_time_to_finish": 0.15899991989135742,
    "max_time_to_finish": 0.15899991989135742,
    "animation_name": ""
}