{
    "animation_number": 329050,
    "min_time_to_finish": 0.1530017852783203,
    "max_time_to_finish": 0.1570119857788086,
    "animation_name": ""
}