{
    "animation_number": 329060,
    "min_time_to_finish": 0.15497398376464844,
    "max_time_to_finish": 0.48950839042663574,
    "animation_name": ""
}