{
    "animation_number": 390001,
    "min_time_to_finish": 0.3225281238555908,
    "max_time_to_finish": 1.1575284004211426,
    "animation_name": ""
}