{
    "animation_number": 390000,
    "min_time_to_finish": 0.31951403617858887,
    "max_time_to_finish": 1.1620676517486572,
    "animation_name": ""
}