{
    "animation_number": 390100,
    "min_time_to_finish": 0.8281505107879639,
    "max_time_to_finish": 0.8281505107879639,
    "animation_name": ""
}