{
    "animation_number": 390400,
    "min_time_to_finish": 0.24700117111206055,
    "max_time_to_finish": 0.24700117111206055,
    "animation_name": ""
}