{
    "animation_number": 390600,
    "min_time_to_finish": 0.7382216453552246,
    "max_time_to_finish": 0.7382216453552246,
    "animation_name": ""
}