{
    "animation_number": 4260,
    "min_time_to_finish": 0.1550002098083496,
    "max_time_to_finish": 0.49000048637390137,
    "animation_name": ""
}