{
    "animation_number": 5202,
    "min_time_to_finish": 0.32351016998291016,
    "max_time_to_finish": 0.32351016998291016,
    "animation_name": ""
}