{
    "animation_number": 5204,
    "min_time_to_finish": 0.15150785446166992,
    "max_time_to_finish": 2.9808924198150635,
    "animation_name": ""
}