{
    "animation_number": 5222,
    "min_time_to_finish": 1.4876103401184082,
    "max_time_to_finish": 1.4876103401184082,
    "animation_name": ""
}