{
    "animation_number": 5313,
    "min_time_to_finish": 0.1525115966796875,
    "max_time_to_finish": 0.1525115966796875,
    "animation_name": ""
}