{
    "animation_number": 5400,
    "min_time_to_finish": 0.3157846927642822,
    "max_time_to_finish": 0.3275120258331299,
    "animation_name": ""
}