{
    "animation_number": 5410,
    "min_time_to_finish": 0.1510007381439209,
    "max_time_to_finish": 0.9935131072998047,
    "animation_name": ""
}