{
    "animation_number": 5420,
    "min_time_to_finish": 0.6635928153991699,
    "max_time_to_finish": 0.9835267066955566,
    "animation_name": ""
}