{
    "animation_number": 5430,
    "min_time_to_finish": 0.16400146484375,
    "max_time_to_finish": 0.8280007839202881,
    "animation_name": ""
}