{
    "animation_number": 55030300,
    "min_time_to_finish": 0.3248929977416992,
    "max_time_to_finish": 0.3248929977416992,
    "animation_name": ""
}