{
    "animation_number": 55032050,
    "min_time_to_finish": 0.8139982223510742,
    "max_time_to_finish": 0.8840000629425049,
    "animation_name": ""
}