{
    "animation_number": 55030010,
    "min_time_to_finish": 0.4910416603088379,
    "max_time_to_finish": 0.6800401210784912,
    "animation_name": ""
}