{
    "animation_number": 55031719,
    "min_time_to_finish": 0.9969964027404785,
    "max_time_to_finish": 0.9969964027404785,
    "animation_name": ""
}