{
    "animation_number": 55030020,
    "min_time_to_finish": 0.4879019260406494,
    "max_time_to_finish": 0.49303531646728516,
    "animation_name": ""
}