{
    "animation_number": 55032010,
    "min_time_to_finish": 0.6550107002258301,
    "max_time_to_finish": 0.828000545501709,
    "animation_name": ""
}