{
    "animation_number": 55032400,
    "min_time_to_finish": 0.3225710391998291,
    "max_time_to_finish": 0.4890005588531494,
    "animation_name": ""
}