{
    "animation_number": 55030505,
    "min_time_to_finish": 0.14500021934509277,
    "max_time_to_finish": 0.16300153732299805,
    "animation_name": ""
}