{
    "animation_number": 55030515,
    "min_time_to_finish": 0.3260009288787842,
    "max_time_to_finish": 0.3260009288787842,
    "animation_name": ""
}