{
    "animation_number": 55032000,
    "min_time_to_finish": 0.14699912071228027,
    "max_time_to_finish": 1.661431074142456,
    "animation_name": ""
}