{
    "animation_number": 55030030,
    "min_time_to_finish": 0.6480016708374023,
    "max_time_to_finish": 0.6590027809143066,
    "animation_name": ""
}