{
    "animation_number": 55033271,
    "min_time_to_finish": 0.15500116348266602,
    "max_time_to_finish": 0.16099977493286133,
    "animation_name": ""
}