{
    "animation_number": 55033230,
    "min_time_to_finish": 0.13285374641418457,
    "max_time_to_finish": 0.13285374641418457,
    "animation_name": ""
}