{
    "animation_number": 55031071,
    "min_time_to_finish": 0.7432966232299805,
    "max_time_to_finish": 0.7432966232299805,
    "animation_name": ""
}