{
    "animation_number": 55031710,
    "min_time_to_finish": 0.3260002136230469,
    "max_time_to_finish": 0.3260002136230469,
    "animation_name": ""
}