{
    "animation_number": 55033070,
    "min_time_to_finish": 0.7220020294189453,
    "max_time_to_finish": 0.7220020294189453,
    "animation_name": ""
}