{
    "animation_number": 55031700,
    "min_time_to_finish": 0.8175098896026611,
    "max_time_to_finish": 0.8175098896026611,
    "animation_name": ""
}