{
    "animation_number": 55032040,
    "min_time_to_finish": 0.8072712421417236,
    "max_time_to_finish": 0.8670005798339844,
    "animation_name": ""
}