{
    "animation_number": 55030400,
    "min_time_to_finish": 0.32151103019714355,
    "max_time_to_finish": 0.4919428825378418,
    "animation_name": ""
}