{
    "animation_number": 55032515,
    "min_time_to_finish": 0.3228583335876465,
    "max_time_to_finish": 0.326000452041626,
    "animation_name": ""
}