{
    "animation_number": 55031271,
    "min_time_to_finish": 0.15502572059631348,
    "max_time_to_finish": 0.3285088539123535,
    "animation_name": ""
}