{
    "animation_number": 55030040,
    "min_time_to_finish": 0.4945108890533447,
    "max_time_to_finish": 0.6593787670135498,
    "animation_name": ""
}