{
    "animation_number": 55031230,
    "min_time_to_finish": 0.27500176429748535,
    "max_time_to_finish": 0.27500176429748535,
    "animation_name": ""
}