{
    "animation_number": 55031240,
    "min_time_to_finish": 0.3080008029937744,
    "max_time_to_finish": 0.3080008029937744,
    "animation_name": ""
}