{
    "animation_number": 55032030,
    "min_time_to_finish": 0.6585092544555664,
    "max_time_to_finish": 0.8300192356109619,
    "animation_name": ""
}