{
    "animation_number": 55032505,
    "min_time_to_finish": 0.14999651908874512,
    "max_time_to_finish": 0.16399765014648438,
    "animation_name": ""
}