{
    "animation_number": 55032020,
    "min_time_to_finish": 0.8129968643188477,
    "max_time_to_finish": 0.8819980621337891,
    "animation_name": ""
}