{
    "animation_number": 55030000,
    "min_time_to_finish": 0.15376949310302734,
    "max_time_to_finish": 1.4943301677703857,
    "animation_name": ""
}