{
    "animation_number": 55032510,
    "min_time_to_finish": 0.8149991035461426,
    "max_time_to_finish": 1.6475493907928467,
    "animation_name": ""
}