{
    "animation_number": 55032500,
    "min_time_to_finish": 0.32256340980529785,
    "max_time_to_finish": 2.3237552642822266,
    "animation_name": ""
}