{
    "animation_number": 55033270,
    "min_time_to_finish": 0.5829832553863525,
    "max_time_to_finish": 0.9052188396453857,
    "animation_name": ""
}