{
    "animation_number": 55030050,
    "min_time_to_finish": 0.48400211334228516,
    "max_time_to_finish": 0.4970207214355469,
    "animation_name": ""
}