{
    "animation_number": 55030510,
    "min_time_to_finish": 0.6553843021392822,
    "max_time_to_finish": 1.6637561321258545,
    "animation_name": ""
}