{
    "animation_number": 55030500,
    "min_time_to_finish": 0.3160374164581299,
    "max_time_to_finish": 1.8288021087646484,
    "animation_name": ""
}