{
    "animation_number": 55031270,
    "min_time_to_finish": 0.5449991226196289,
    "max_time_to_finish": 0.9188735485076904,
    "animation_name": ""
}