{
    "animation_number": 55033071,
    "min_time_to_finish": 0.1588425636291504,
    "max_time_to_finish": 0.9064486026763916,
    "animation_name": ""
}