{
    "animation_number": 60060,
    "min_time_to_finish": 0.15400004386901855,
    "max_time_to_finish": 0.15800166130065918,
    "animation_name": ""
}