{
    "animation_number": 697040040,
    "min_time_to_finish": 0.1550002098083496,
    "max_time_to_finish": 1.8215458393096924,
    "animation_name": ""
}