{
    "animation_number": 861040000,
    "min_time_to_finish": 0.1490001678466797,
    "max_time_to_finish": 1.4870457649230957,
    "animation_name": ""
}