{
    "animation_number": 861040001,
    "min_time_to_finish": 0.32218503952026367,
    "max_time_to_finish": 0.647801399230957,
    "animation_name": ""
}