{
    "animation_number": 10000,
    "min_time_to_finish": 0.3190007209777832,
    "max_time_to_finish": 0.3190007209777832,
    "animation_name": ""
}