{
    "animation_number": 2000020,
    "min_time_to_finish": 2.00060772895813,
    "max_time_to_finish": 6.491143226623535,
    "animation_name": ""
}