{
    "animation_number": 2002000,
    "min_time_to_finish": 0.0670006275177002,
    "max_time_to_finish": 17.186291456222534,
    "animation_name": ""
}