{
    "animation_number": 2002003,
    "min_time_to_finish": 0.2440013885498047,
    "max_time_to_finish": 1.9980096817016602,
    "animation_name": ""
}