{
    "animation_number": 2002002,
    "min_time_to_finish": 0.23157334327697754,
    "max_time_to_finish": 1.6550192832946777,
    "animation_name": ""
}