{
    "animation_number": 2002100,
    "min_time_to_finish": 0.06802821159362793,
    "max_time_to_finish": 3.409039258956909,
    "animation_name": ""
}