{
    "animation_number": 2002001,
    "min_time_to_finish": 0.327869176864624,
    "max_time_to_finish": 2.907327175140381,
    "animation_name": ""
}