{
    "animation_number": 2003000,
    "min_time_to_finish": 0.03118133544921875,
    "max_time_to_finish": 3.4201009273529053,
    "animation_name": ""
}