{
    "animation_number": 2003002,
    "min_time_to_finish": 1.1491026878356934,
    "max_time_to_finish": 1.234445333480835,
    "animation_name": ""
}