{
    "animation_number": 2003001,
    "min_time_to_finish": 0.04900026321411133,
    "max_time_to_finish": 1.2459843158721924,
    "animation_name": ""
}