{
    "animation_number": 2003004,
    "min_time_to_finish": 0.4844849109649658,
    "max_time_to_finish": 3.405329942703247,
    "animation_name": ""
}