{
    "animation_number": 2003008,
    "min_time_to_finish": 0.40151071548461914,
    "max_time_to_finish": 9.742773056030273,
    "animation_name": ""
}