{
    "animation_number": 2003003,
    "min_time_to_finish": 0.009000778198242188,
    "max_time_to_finish": 2.9067866802215576,
    "animation_name": ""
}