{
    "animation_number": 2005000,
    "min_time_to_finish": 0.3212771415710449,
    "max_time_to_finish": 3.4070351123809814,
    "animation_name": ""
}