{
    "animation_number": 2005002,
    "min_time_to_finish": 2.3520421981811523,
    "max_time_to_finish": 3.411290168762207,
    "animation_name": ""
}