{
    "animation_number": 2005001,
    "min_time_to_finish": 2.4096264839172363,
    "max_time_to_finish": 2.4098293781280518,
    "animation_name": ""
}