{
    "animation_number": 2005003,
    "min_time_to_finish": 2.8173067569732666,
    "max_time_to_finish": 3.4144105911254883,
    "animation_name": ""
}