{
    "animation_number": 2006100,
    "min_time_to_finish": 2.8229658603668213,
    "max_time_to_finish": 2.8229658603668213,
    "animation_name": ""
}