{
    "animation_number": 2007400,
    "min_time_to_finish": 0.23697352409362793,
    "max_time_to_finish": 0.5718643665313721,
    "animation_name": ""
}