{
    "animation_number": 2007000,
    "min_time_to_finish": 0.3248410224914551,
    "max_time_to_finish": 1.2425537109375,
    "animation_name": ""
}