{
    "animation_number": 2008190,
    "min_time_to_finish": 0.3206357955932617,
    "max_time_to_finish": 2.993619441986084,
    "animation_name": ""
}