{
    "animation_number": 2008500,
    "min_time_to_finish": 0.7355706691741943,
    "max_time_to_finish": 1.4382104873657227,
    "animation_name": ""
}