{
    "animation_number": 2008043,
    "min_time_to_finish": 2.8271169662475586,
    "max_time_to_finish": 2.8271169662475586,
    "animation_name": ""
}