{
    "animation_number": 2008042,
    "min_time_to_finish": 2.9984259605407715,
    "max_time_to_finish": 2.9984259605407715,
    "animation_name": ""
}