{
    "animation_number": 2009000,
    "min_time_to_finish": 0.05399918556213379,
    "max_time_to_finish": 3.5723626613616943,
    "animation_name": ""
}