{
    "animation_number": 2009500,
    "min_time_to_finish": 0.059000492095947266,
    "max_time_to_finish": 0.059000492095947266,
    "animation_name": ""
}