{
    "animation_number": 2011010,
    "min_time_to_finish": 1.2455673217773438,
    "max_time_to_finish": 1.2455673217773438,
    "animation_name": ""
}