{
    "animation_number": 2011000,
    "min_time_to_finish": 1.9901010990142822,
    "max_time_to_finish": 1.9901010990142822,
    "animation_name": ""
}