{
    "animation_number": 2043000,
    "min_time_to_finish": 0.03300046920776367,
    "max_time_to_finish": 5.4950971603393555,
    "animation_name": ""
}