{
    "animation_number": 2002003,
    "min_time_to_finish": 0.7420015335083008,
    "max_time_to_finish": 2.4972665309906006,
    "animation_name": "Movement - Strafe Right"
}