{
    "animation_number": 2002001,
    "min_time_to_finish": 0.6499409675598145,
    "max_time_to_finish": 2.6549072265625,
    "animation_name": "Movement - Walking Backwards"
}