{
    "animation_number": 2003003,
    "min_time_to_finish": 0.0689997673034668,
    "max_time_to_finish": 2.864978075027466,
    "animation_name": "Attack - Charge Forward"
}
