{
    "animation_number": 2003004,
    "min_time_to_finish": 0.0410006046295166,
    "max_time_to_finish": 12.198110818862915,
    "animation_name": "Attack - Left to Right Sweep"
}