{
    "animation_number": 2007000,
    "min_time_to_finish": 0.4094669818878174,
    "max_time_to_finish": 0.9148728847503662,
    "animation_name": "Movement - Falling"
}