{
    "animation_number": 2008035,
    "min_time_to_finish": 0.03553891181945801,
    "max_time_to_finish": 0.04600214958190918,
    "animation_name": "Stagger - Very Light Stagger"
}