{
    "animation_number": 2008040,
    "min_time_to_finish": 0.31799864768981934,
    "max_time_to_finish": 0.31799864768981934,
    "animation_name": ""
}