{
    "animation_number": 2043000,
    "min_time_to_finish": 0.0299990177154541,
    "max_time_to_finish": 0.07200074195861816,
    "animation_name": "T-Pose?"
}